id,source,requirement,domain,phase,kind,status,evidence
ACC-01,PRD §28.1,Every governed entity has one documented authoritative domain,platform,0-7,ACCEPTANCE,PLANNED,
ACC-02,PRD §28.2,No domain writes another domain's persistence,platform,0-7,ACCEPTANCE,PLANNED,
ACC-03,PRD §28.3,Every tenant/company/project record carries and validates explicit scope,platform,0-7,ACCEPTANCE,PLANNED,
ACC-04,PRD §28.4,Every cross-domain write uses a source-owned application/API/command contract,platform,0-7,ACCEPTANCE,PLANNED,
ACC-05,PRD §28.5,Every committed cross-domain fact uses transactional outbox or approved equivalent,platform,0-7,ACCEPTANCE,PLANNED,
ACC-06,PRD §28.6,Every consumer is idempotent and passes duplicate/out-of-order tests,platform,0-7,ACCEPTANCE,PLANNED,
ACC-07,PRD §28.7,"Every API, command, event and projection is versioned and registered",platform,0-7,ACCEPTANCE,PLANNED,
ACC-08,PRD §28.8,"Every projection identifies source, source version and freshness",platform,0-7,ACCEPTANCE,PLANNED,
ACC-09,PRD §28.9,Authorization is enforced before record/field retrieval and aggregation,platform,0-7,ACCEPTANCE,PLANNED,
ACC-10,PRD §28.10,"Assignment, connection, notification or linked IDs never grant transitive access",platform,0-7,ACCEPTANCE,PLANNED,
ACC-11,PRD §28.11,"Permission revocation propagates to APIs, sessions, caches, search, portals and files",platform,0-7,ACCEPTANCE,PLANNED,
ACC-12,PRD §28.12,Platform Admin has no routine operational tenant access,platform,0-7,ACCEPTANCE,PLANNED,
ACC-13,PRD §28.13,Exactly one Primary Owner per live company; Admin cannot assume Owner authority,platform,0-7,ACCEPTANCE,PLANNED,
ACC-14,PRD §28.14,Money is fixed precision with explicit currency; posted entries immutable/reversed,platform,0-7,ACCEPTANCE,PLANNED,
ACC-15,PRD §28.15,Controlled Document revisions and submitted external records remain immutable,platform,0-7,ACCEPTANCE,PLANNED,
ACC-16,PRD §28.16,Workflow approval and source business finalization are separate and reconciled,platform,0-7,ACCEPTANCE,PLANNED,
ACC-17,PRD §28.17,"Portal users can modify only external submission aggregates, not internal records",platform,0-7,ACCEPTANCE,PLANNED,
ACC-18,PRD §28.18,Tender bids are immutable after submission and the winner requires approval,platform,0-7,ACCEPTANCE,PLANNED,
ACC-19,PRD §28.19,Hiring does not create access automatically,platform,0-7,ACCEPTANCE,PLANNED,
ACC-20,PRD §28.20,Company/professional connections do not grant ERP/project access,platform,0-7,ACCEPTANCE,PLANNED,
ACC-21,PRD §28.21,"Search, reporting and dashboard totals are permission-filtered before computation",platform,0-7,ACCEPTANCE,PLANNED,
ACC-22,PRD §28.22,All sensitive mutations create append-only audit evidence,platform,0-7,ACCEPTANCE,PLANNED,
ACC-23,PRD §28.23,One correlation ID traces synchronous/asynchronous business flows,platform,0-7,ACCEPTANCE,PLANNED,
ACC-24,PRD §28.24,"Dead-letter, replay, rebuild and reconciliation actions are permissioned and audited",platform,0-7,ACCEPTANCE,PLANNED,
ACC-25,PRD §28.25,"English/Albanian, responsive and WCAG 2.2 AA critical flows pass acceptance",platform,0-7,ACCEPTANCE,PLANNED,
ACC-26,PRD §28.26,"Cross-tenant, cross-company, cross-project and external isolation suites pass with zero leakage",platform,0-7,ACCEPTANCE,PLANNED,
ACC-27,PRD §28.27,"Production backup/restore, RPO/RTO and incident runbooks are verified",platform,0-7,ACCEPTANCE,PLANNED,
ISO-01,PRD §26.2,Company A cannot read Company B list/detail,platform,0,ISOLATION,PLANNED,
ISO-02,PRD §26.2,Company A cannot create a record referencing Company B ID,platform,0,ISOLATION,PLANNED,
ISO-03,PRD §26.2,Company A cannot update/delete/archive Company B record,platform,0,ISOLATION,PLANNED,
ISO-04,PRD §26.2,Company A cannot infer Company B through count/facet/search/autocomplete,platform,0,ISOLATION,PLANNED,
ISO-05,PRD §26.2,Project A member cannot access unauthorized Project B,platform,0,ISOLATION,PLANNED,
ISO-06,PRD §26.2,External Company B sees only published scope from Company A,platform,0,ISOLATION,PLANNED,
ISO-07,PRD §26.2,Public user sees only published profile/job data,platform,0,ISOLATION,PLANNED,
ISO-08,PRD §26.2,Job/export/import/event replay cannot cross scope,platform,0,ISOLATION,PLANNED,
ISO-09,PRD §26.2,Signed file URL cannot be obtained or reused after revocation,platform,0,ISOLATION,PLANNED,
ISO-10,PRD §26.2,Cache and analytics do not retain revoked data,platform,0,ISOLATION,PLANNED,
E2E-01,PRD §26.3.1,"Platform Admin creates/activates company; Owner enrolls MFA, accepts legal terms, completes onboarding","foundation,identity",1,E2E,PLANNED,
E2E-02,PRD §26.3.2,Company creates/provisions first project idempotently,projects,1,E2E,PLANNED,
E2E-03,PRD §26.3.3,"Manager builds/imports physical hierarchy and WBS, resolves validation, activates project",project-core,2,E2E,PLANNED,
E2E-04,PRD §26.3.4,"Coordinator assigns task; owner executes, blocks, reviews and completes it",tasks,2,E2E,PLANNED,
E2E-05,PRD §26.3.5,"Planner creates dependencies, receives cycle rejection, applies assisted schedule preview",project-core,2,E2E,PLANNED,
E2E-06,PRD §26.3.6,Manager creates and selects immutable baseline,project-core,2,E2E,PLANNED,
E2E-07,PRD §26.3.7,"User uploads quarantined file, creates controlled Document revision, issues a transmittal",documents,3,E2E,PLANNED,
E2E-08,PRD §26.3.8,Procurement creates RFQ/tender; supplier submits locked bid; clarification and approved preferred bidder complete without automatic PO,"procurement,tenders","4,6",E2E,PLANNED,
E2E-09,PRD §26.3.9,"PO, delivery, goods receipt, invoice and payment remain reconciled across owning domains","procurement,inventory,finance",4,E2E,PLANNED,
E2E-10,PRD §26.3.10,"QA inspection fails, creates corrective action, passes reinspection, updates handover readiness without changing physical progress truth",qaqc,3,E2E,PLANNED,
E2E-11,PRD §26.3.11,Company connection and project invitation expose only selected external projection; revocation removes access,"network,portals",6,E2E,PLANNED,
E2E-12,PRD §26.3.12,Professional connection proves no ERP access,network,6,E2E,PLANNED,
E2E-13,PRD §26.3.13,Candidate is marked Hired but no employee/account is created until HR/IT acts,"jobs,hr",6,E2E,PLANNED,
E2E-14,PRD §26.3.14,"Company enters read-only grace, all mutations fail consistently, then lock revokes sessions",foundation,1,E2E,PLANNED,
E2E-15,PRD §26.3.15,"Cross-tenant attack suite passes through UI, API, relation IDs, files, search, exports, jobs and events",platform,0-7,E2E,PLANNED,
FIN-01,PRD §26.4,Decimal precision/rounding by currency,finance,4,FINANCIAL,PLANNED,
FIN-02,PRD §26.4,Reversal instead of edit,finance,4,FINANCIAL,PLANNED,
FIN-03,PRD §26.4,Allocation cannot exceed allowed balance,finance,4,FINANCIAL,PLANNED,
FIN-04,PRD §26.4,Mixed-currency totals remain separated without approved conversion,finance,4,FINANCIAL,PLANNED,
FIN-05,PRD §26.4,Duplicate posting command returns original result,finance,4,FINANCIAL,PLANNED,
FIN-06,PRD §26.4,Concurrent number generation and posting remain unique,finance,4,FINANCIAL,PLANNED,
FIN-07,PRD §26.4,Profile summary versus payment detail reconciliation warning,finance,4,FINANCIAL,PLANNED,
PERF-01,PRD §25.1,Production API availability 99.9% monthly,platform,0-7,NFR,PLANNED,
PERF-02,PRD §25.1,Read p95 <= 500 ms server time (internal budget 120 ms for indexed lists),platform,0-7,NFR,PLANNED,
PERF-03,PRD §25.1,Mutation p95 <= 800 ms (internal budget 250 ms),platform,0-7,NFR,PLANNED,
PERF-04,PRD §25.1,Critical async start <= 5 s,platform,0-7,NFR,PLANNED,
PERF-05,PRD §25.1,Permission revocation propagation <= 60 s to derived stores; immediate on source API,platform,0-7,NFR,PLANNED,
PERF-06,PRD §25.1,RPO <= 15 minutes,platform,0-7,NFR,PLANNED,
PERF-07,PRD §25.1,RTO <= 4 hours,platform,0-7,NFR,PLANNED,
PERF-08,PRD §25.1,Cross-tenant leakage: zero tolerance,platform,0-7,NFR,PLANNED,
PERF-09,PRD §25.1,Zero open P0/P1 defects at release,platform,0-7,NFR,PLANNED,
P0-01,PRD §27 Phase 0,"Monorepo, lint/type/test/CI conventions",foundation,0,FEATURE,PLANNED,
P0-02,PRD §27 Phase 0,Membership/security-stamp role resolution replaces stale token roles,foundation,0,FEATURE,PLANNED,
P0-03,PRD §27 Phase 0,Company Admin separated from Owner authority,foundation,0,FEATURE,PLANNED,
P0-04,PRD §27 Phase 0,Cross-tenant nested-write validation and public IDOR closed,foundation,0,FEATURE,PLANNED,
P0-05,PRD §27 Phase 0,Server-side approval authorization enforced,foundation,0,FEATURE,PLANNED,
P0-06,PRD §27 Phase 0,Money stored as Decimal with explicit currency,foundation,0,FEATURE,PLANNED,
P0-07,PRD §27 Phase 0,"PostgreSQL schemas, RLS, indexes, audit, outbox, jobs and object storage established",foundation,0,FEATURE,PLANNED,
P0-08,PRD §27 Phase 0,Negative isolation and concurrency harness,foundation,0,FEATURE,PLANNED,
P1-01,PRD §27 Phase 1,Company Web and Platform Admin separated,"foundation,identity,authorization,organization,projects,notifications",1,FEATURE,PLANNED,
P1-02,PRD §27 Phase 1,"Identity, sessions, MFA, invitations and recovery","foundation,identity,authorization,organization,projects,notifications",1,FEATURE,PLANNED,
P1-03,PRD §27 Phase 1,Tenant/company context and policy engine,"foundation,identity,authorization,organization,projects,notifications",1,FEATURE,PLANNED,
P1-04,PRD §27 Phase 1,"Company lifecycle, commercial metadata and activation","foundation,identity,authorization,organization,projects,notifications",1,FEATURE,PLANNED,
P1-05,PRD §27 Phase 1,Legal versions and acceptance,"foundation,identity,authorization,organization,projects,notifications",1,FEATURE,PLANNED,
P1-06,PRD §27 Phase 1,"Organization, departments, memberships and Owner safeguards","foundation,identity,authorization,organization,projects,notifications",1,FEATURE,PLANNED,
P1-07,PRD §27 Phase 1,Guided onboarding,"foundation,identity,authorization,organization,projects,notifications",1,FEATURE,PLANNED,
P1-08,PRD §27 Phase 1,Protected template/version system,"foundation,identity,authorization,organization,projects,notifications",1,FEATURE,PLANNED,
P1-09,PRD §27 Phase 1,First project provisioning,"foundation,identity,authorization,organization,projects,notifications",1,FEATURE,PLANNED,
P1-10,PRD §27 Phase 1,"Audit, notification foundation, Help Center and localization","foundation,identity,authorization,organization,projects,notifications",1,FEATURE,PLANNED,
P2-01,PRD §27 Phase 2,Project lifecycle/team/access,"projects,project-core,tasks",2,FEATURE,PLANNED,
P2-02,PRD §27 Phase 2,Physical hierarchy and WBS,"projects,project-core,tasks",2,FEATURE,PLANNED,
P2-03,PRD §27 Phase 2,"Tasks, contributors/watchers, checklists and comments","projects,project-core,tasks",2,FEATURE,PLANNED,
P2-04,PRD §27 Phase 2,Milestones/dependencies/calendars,"projects,project-core,tasks",2,FEATURE,PLANNED,
P2-05,PRD §27 Phase 2,Assisted schedule preview/apply,"projects,project-core,tasks",2,FEATURE,PLANNED,
P2-06,PRD §27 Phase 2,"Progress rollups, health and baselines","projects,project-core,tasks",2,FEATURE,PLANNED,
P2-07,PRD §27 Phase 2,"Saved views, imports/exports and Project Activity","projects,project-core,tasks",2,FEATURE,PLANNED,
P3-01,PRD §27 Phase 3,Object-storage production hardening,"documents,design-control,site-operations,qaqc,hse",3,FEATURE,PLANNED,
P3-02,PRD §27 Phase 3,Documents/revisions/transmittals,"documents,design-control,site-operations,qaqc,hse",3,FEATURE,PLANNED,
P3-03,PRD §27 Phase 3,RFIs and submittals,"documents,design-control,site-operations,qaqc,hse",3,FEATURE,PLANNED,
P3-04,PRD §27 Phase 3,Design changes and variations foundation,"documents,design-control,site-operations,qaqc,hse",3,FEATURE,PLANNED,
P3-05,PRD §27 Phase 3,"Daily site reports, workforce/equipment/material evidence","documents,design-control,site-operations,qaqc,hse",3,FEATURE,PLANNED,
P3-06,PRD §27 Phase 3,QA/QC inspections/corrective actions,"documents,design-control,site-operations,qaqc,hse",3,FEATURE,PLANNED,
P3-07,PRD §27 Phase 3,HSE incidents/inspections/toolbox talks,"documents,design-control,site-operations,qaqc,hse",3,FEATURE,PLANNED,
P4-01,PRD §27 Phase 4,BOQ/cost codes/budgets,"finance,contracts,procurement,inventory,work-progress",4,FEATURE,PLANNED,
P4-02,PRD §27 Phase 4,Contracts and versions,"finance,contracts,procurement,inventory,work-progress",4,FEATURE,PLANNED,
P4-03,PRD §27 Phase 4,Procurement/RFQ/quotation/PO,"finance,contracts,procurement,inventory,work-progress",4,FEATURE,PLANNED,
P4-04,PRD §27 Phase 4,Inventory/delivery/goods receipt/stock movement,"finance,contracts,procurement,inventory,work-progress",4,FEATURE,PLANNED,
P4-05,PRD §27 Phase 4,"Finance invoices, payments, allocations, retention, advances and forecasts","finance,contracts,procurement,inventory,work-progress",4,FEATURE,PLANNED,
P4-06,PRD §27 Phase 4,Cross-domain reconciliation and permission-safe dashboards,"finance,contracts,procurement,inventory,work-progress",4,FEATURE,PLANNED,
P5-01,PRD §27 Phase 5,CRM/Sales/Clients/Units,"crm,hr,site-operations,work-progress,portals,network",5,FEATURE,PLANNED,
P5-02,PRD §27 Phase 5,Full HR operations,"crm,hr,site-operations,work-progress,portals,network",5,FEATURE,PLANNED,
P5-03,PRD §27 Phase 5,Assets/equipment/maintenance,"crm,hr,site-operations,work-progress,portals,network",5,FEATURE,PLANNED,
P5-04,PRD §27 Phase 5,Work Progress and Handover,"crm,hr,site-operations,work-progress,portals,network",5,FEATURE,PLANNED,
P5-05,PRD §27 Phase 5,Client and External Partner portals,"crm,hr,site-operations,work-progress,portals,network",5,FEATURE,PLANNED,
P5-06,PRD §27 Phase 5,Formal correspondence and external actions,"crm,hr,site-operations,work-progress,portals,network",5,FEATURE,PLANNED,
P6-01,PRD §27 Phase 6,Company public profiles and verification,"network,jobs,tenders",6,FEATURE,PLANNED,
P6-02,PRD §27 Phase 6,Company discovery and connections,"network,jobs,tenders",6,FEATURE,PLANNED,
P6-03,PRD §27 Phase 6,Verified project experience,"network,jobs,tenders",6,FEATURE,PLANNED,
P6-04,PRD §27 Phase 6,Professional profiles/connections/messaging,"network,jobs,tenders",6,FEATURE,PLANNED,
P6-05,PRD §27 Phase 6,"Jobs, applications and Talent Pool","network,jobs,tenders",6,FEATURE,PLANNED,
P6-06,PRD §27 Phase 6,Tender Marketplace and multi-round bids,"network,jobs,tenders",6,FEATURE,PLANNED,
P7-01,PRD §27 Phase 7,Reporting warehouse and advanced analytics,"reporting,foundation",7,FEATURE,PLANNED,
P7-02,PRD §27 Phase 7,Dedicated enterprise databases/regions,"reporting,foundation",7,FEATURE,PLANNED,
P7-03,PRD §27 Phase 7,Joint Venture scopes,"reporting,foundation",7,FEATURE,PLANNED,
P7-04,PRD §27 Phase 7,BIM/3D Digital Twin links,"reporting,foundation",7,FEATURE,PLANNED,
P7-05,PRD §27 Phase 7,External calendar/accounting/storage/e-signature adapters,"reporting,foundation",7,FEATURE,PLANNED,
P7-06,PRD §27 Phase 7,Native mobile/selective offline after separate sync PRD,"reporting,foundation",7,FEATURE,PLANNED,
P7-07,PRD §27 Phase 7,AI assistance after permission-safe data contracts exist,"reporting,foundation",7,FEATURE,PLANNED,
